variable,count,mean,std,min,25%,50%,75%,max,original
dummy1,1000.0,-0.0003847807030887953,0.010051362471445884,-0.0291691802631524,-0.00702025816914895,-0.00041547249732369997,0.006602777100496775,0.033766271190306,-0.0048465847557856
dummy2,1000.0,-3.1604008476364546e-05,0.009643282335911772,-0.0363276166473269,-0.00673445552780725,2.196092965078833e-05,0.00677596165807155,0.0245383305140052,-0.0121682398297409
x1,1000.0,-0.001992946053025477,2.974344773275712,-10.486973153635503,-1.8222125310973254,-0.02409956612938615,1.8151062771980764,28.20297852519076,28.20297852519076
x2,1000.0,0.015932094877962925,7.99516414753054,-22.692047654795484,-5.381382755706747,-0.0491131653783516,5.169917013738482,75.05206892594975,75.05206892594975
x3,1000.0,0.055466715381663804,1.908795457015896,-5.681256473695879,-1.142480255634064,0.07695931455519385,1.2399035312575792,17.753890450713808,17.753890450713808
